Sample,IMR,APSM,ADMSM,ATSA,AMW,AMV,SMSP3,SMRB,SHBA,MVDC
1,3.297262190463335,0.4465310750843253,-3.4109373541708745,-5.255804921638314,-4.165611064634649,-3.69896158551873,-4.98400858071204,-3.407636522560038,-5.255804920955116,-1.4003972230632888
5,3.297262190463335,0.7889878336687308,-2.973595749335115,-4.391343562111756,-3.966285395541321,-3.3790284036224807,-4.388631745421407,-2.7948735229929684,-4.391343561518746,-2.067919005053949
7,-0.4761756462871875,0.2997638872626353,-3.598369479869548,-5.626288361649484,-4.7175485026864,-4.132920071821494,-5.23917007882916,-3.67024923581985,-5.626288363677428,-0.5389470905414389
15,-0.4761756462871875,0.8216027621291828,-2.9319441640303143,-4.3090139091089465,-4.395560886596685,-3.61610493098298,-4.3319291892258205,-2.736515141614952,-4.309013907580455,-1.3248257795045846
18,0.7948771152726206,1.329709028354744,-2.283056352631253,-3.026404573622222,-3.931376540868307,-3.0292333832582914,-3.448563053608076,-1.8273529966383384,-3.0264045732989886,-1.3339662017448453
25,4.353824766496079,-1.1292574973343057,-0.1456222982183119,-0.3571905484902798,-0.4294115875292105,-0.8986493267600097,1.565136607484927,2.0255287396143618,-0.3571905531209186,-0.6516775777682413
33,0.7948771152726206,-1.2698578310936564,-0.1862918406811186,-0.4785184626742056,-0.6078659456744551,-1.0304028122678277,1.565136607484927,1.9911280110869327,-0.4785184587281177,0.0285927322674338
35,-0.4761756462871875,-1.510886999751665,-0.2560110633370126,-0.6865091620000462,-0.6204284779665123,-1.1095003586914651,1.565136607484927,1.932155331370378,-0.6865091619583934,0.5918194429568573
36,1.5363245468370912,-0.6840230940968204,-0.0168354028555189,0.0270144943605943,-0.7275408511149487,-0.92143451947411,1.565136607484927,2.134464384853328,0.0270144985911087,-0.868484016764781
40,-0.4761756462871875,-0.7476279949169492,-0.035233533099612,-0.0278719349805147,-0.8447235304463302,-0.9958078464180125,1.565136607484927,2.1189021498191893,-0.0278719373677522,-0.4363891703947739
44,0.7948771152726206,-0.0044547687615581,0.1797340578299986,0.613432727518012,-0.9723454072602092,-0.8456524720678305,1.565136607484927,2.3007345795988488,0.613432733230826,-1.190483688462643
46,-1.0250393399315358,-0.5221196587837484,0.0299961850563142,0.166725423801672,-0.9499935681227156,-0.980432304316843,1.565136607484927,2.1740773460453706,0.1667254239715941,-0.5466695676128956
52,3.297262190463335,-1.1621625951342316,-2.134381222203729,-0.5012674442422466,1.523489381562287,0.8498509417748816,1.565136607484927,-0.711479324464933,-0.5012674440550825,0.3264919921513771
54,0.7948771152726206,-1.5479796734200462,-2.38803205589025,-0.8425021902407374,1.7065727581686494,0.9167235159713628,1.565136607484927,-1.0017354825674063,-0.8425021893810994,1.2664306883729357
55,0.1275744116500969,-1.650864232829414,-2.4556722814758274,-0.9334981240055262,1.757836100274944,0.9354478376327372,1.565136607484927,-1.0791371242051746,-0.9334981237732676,1.5288052626286617
61,1.5363245468370912,-0.5648606021731499,-1.7416921552086737,0.0270144943605943,1.070402085636191,0.7254579605213972,1.565136607484927,-0.2621197907954686,0.0270144985911087,-0.3035018081117658
62,0.7948771152726206,-0.7249032371437316,-1.846910267551491,-0.1145347276150516,1.150308511250417,0.7529318585491637,1.565136607484927,-0.3825223455435755,-0.1145347280751359,0.0283338000853853
63,-1.0250393399315358,-0.7623157971110253,-1.8715067147049609,-0.1476241580749743,1.1072852808987574,0.750346661258104,1.565136607484927,-0.4106683972264773,-0.1476241581344983,0.3823473939121858
72,4.353824766496079,-0.8692666076371405,1.8777126609662165,-0.3571905484902798,2.390089833875174,1.6540629281396442,1.565136607484927,0.7183010085118423,-0.3571905531209186,0.2097609858421596
74,0.7948771152726206,-1.404300494969071,1.9280171226991127,-0.8425021902407374,2.8030455261936424,1.8861780398590355,1.565136607484927,0.4430951685273565,-0.8425021893810994,1.516621646853994
80,-1.0250393399315358,-0.984785281652207,1.8885738465524309,-0.4619737474442442,2.398773616146231,1.7464329761959114,1.565136607484927,0.6588815647629341,-0.4619737471562822,1.135728845665484
81,0.7948771152726206,-0.2004742289729103,1.8148321042324176,0.2494489999514801,1.733690709256794,1.4327503096864294,1.565136607484927,1.0623083055511875,0.2494490025778458,-0.258097871919812
89,-0.4761756462871875,0.2199095424306529,1.775307180521765,0.6307652920390181,1.316713385012796,1.2778719611900973,1.565136607484927,1.278541463858276,0.6307652872228888,-0.4539843900486723
92,4.353824766496079,1.2106605684381415,-0.8896356023019669,-0.3571905484902798,0.303387123570276,0.7577329740537841,1.565136607484927,2.0255287396143618,-0.3571905531209186,-0.0718865701438847
94,1.5363245468370912,0.9604193373483602,-1.080423598165469,-0.7413955988337774,0.3543912303615186,0.8224756732805039,1.565136607484927,1.91659309633624,-0.7413955979172545,0.9600324772713849
99,0.1275744116500969,1.0605158258844098,-1.0041083965508963,-0.5877135801949025,0.2063360918754188,0.7836146399715163,1.565136607484927,1.9601673536474888,-0.5877135799987192,0.8939550537707369
108,-1.0250393399315358,1.142412958186445,-0.9416686876249608,-0.4619737474442442,0.080215054945457,0.750510792678867,1.565136607484927,1.9958190187203293,-0.4619737471562822,0.8646203130888027
118,-1.985550791130396,1.398341496630306,-0.7465446094908051,-0.0690367644789683,-0.1795938878523964,0.6587053327783505,1.565136607484927,2.1072304735435856,-0.0690367643368977,0.4220617724431532
122,4.353824766496079,4.239554502632707,0.7787944777268004,-0.3571905484902798,0.4078711488215039,1.4258256345158031,-3.878308739661136,-1.8961544576148808,-0.3571905531209186,0.1399864441474353
125,0.1275744116500969,4.24280439533494,0.7011662296325173,-0.9334981240055262,0.5069742467722932,1.6587163098543052,-4.558739414008163,-2.5497683231661408,-0.9334981237732676,1.7095271646567902
128,0.7948771152726206,4.240238694675138,0.7624516920955534,-0.4785184626742056,0.2991903450732159,1.4877783876560189,-4.021557301678823,-2.033757375646282,-0.4785184587281177,0.8138039557711182
149,1.5363245468370912,1.2984074959046084,2.143624555919825,-0.7413955988337774,4.6040745344598095,4.354421289992628,1.565136607484927,3.3327564726777243,-0.7413955979172545,1.8289468969523992
156,-0.4761756462871875,1.5226496438744686,2.0864088526524145,-0.3571905484902798,4.105106693991914,4.095895156947018,1.565136607484927,3.3327564726777243,-0.3571905531209186,1.4697796417354076
157,1.5363245468370912,1.9711339398141887,1.9719774461175936,0.411219544704092,3.0518871047613536,3.300040156644655,1.565136607484927,3.3327564726777243,0.4112195433874446,-0.0337826995508405
160,-0.4761756462871875,1.7148572020628217,2.0373668142749803,-0.0278719349805147,3.64741040919234,3.784987900245925,1.565136607484927,3.3327564726777243,-0.0278719373677522,0.938498796785276
165,0.1275744116500969,2.195376087784049,1.9147617428501835,0.7954245950475897,2.512774976325167,2.9895834802473025,1.565136607484927,3.3327564726777243,0.795424595099472,-0.2804545646164691
168,4.353824766496079,1.0091676303852868,-1.9137003123368252,-2.6624208430586407,-3.5623389636809697,-3.0054125006713366,-4.7855496387905045,-2.5497683231661408,-2.6624208426460068,-1.9437463245712647
182,-1.0250393399315358,1.2159785587241734,-1.5787962094826178,-2.0337216718127245,-4.029048792783696,-3.14388548710229,-4.496882075646602,-2.1932516685160564,-2.033721671518129,-1.1153211380697183
184,-0.4761756462871875,1.984133491123807,-0.3348666892658077,0.3014466785292517,-3.430634843758512,-2.309237618885372,-3.424688299622482,-0.8690469532051569,0.301446678385414,-0.765284243214073
190,1.5363245468370912,-1.2007550002882372,0.851804563067661,1.179629645391086,-0.1105899418886356,-0.6034052642746212,1.565136607484927,2.461271318609377,1.1796296468114993,0.2127018811083777
192,0.1275744116500969,-1.460745889985402,0.6747897511634887,0.7954245950475897,-0.1634370528496868,-0.7198265151537605,1.565136607484927,2.3523356733704133,0.795424595099472,0.7765272136118141
193,3.297262190463335,-0.2907868570991785,1.4713564455969108,2.524347314100704,-0.1069241303110972,-0.2966114640555234,1.565136607484927,2.842546073024069,2.5243473139722115,-1.1326164807422008
195,-0.4761756462871875,-0.6807732013945887,1.2058342195677234,1.9480397385854575,-0.2825191054825002,-0.4996175902074208,1.565136607484927,2.679142607126465,1.9480397433198624,-0.105882449991057
196,1.5363245468370912,0.3591903768933965,1.9138934998761288,3.484859932466825,-0.2728763479308816,-0.1426915792386478,1.565136607484927,3.1148851841606384,3.4848599363365875,-1.219783280047446
208,2.36500107606444,-0.9101769356271004,-1.036416966929426,1.4056326100109833,1.9699833175589248,1.3410172431100174,1.565136607484927,-0.242895854669137,1.4056326127115335,0.4964099854346986
211,0.7948771152726206,-1.1939131188625518,-1.3210926980227635,0.977416462577166,2.0548310748341483,1.3446684415160652,1.565136607484927,-0.4857245350475478,0.977416456968118,1.098519829998157
213,1.5363245468370912,-0.5507777467963468,-0.6758276846603282,1.9480397385854575,1.79670688470146,1.346775958094634,1.565136607484927,0.0646871409997411,1.9480397433198624,0.1472193905659859
217,0.7948771152726206,-0.2292100607632409,-0.35319518615204,2.4333513803359166,1.6378701545821146,1.3520547543117452,1.565136607484927,0.3398929809842269,2.4333513795800434,-0.1145238495227437
221,1.5363245468370912,0.4675199256418178,0.3458419157437293,3.484859932466825,1.3616172337833548,1.3544834207055083,1.565136607484927,0.936172297028929,3.4848599363365875,-0.8550310147399466
222,-1.0250393399315358,-0.2730602033130869,-0.3971905223997542,2.3671725194160698,1.6025859932903967,1.3589794294823716,1.565136607484927,0.3023649120736911,2.367172519461319,0.2423429917576746
229,-2.408175811400493,0.0602008527666881,-0.0628259309562372,2.870131857911328,1.4075743024252512,1.3674737124643133,1.565136607484927,0.587578234617254,2.87013185774676,0.187708218871042
234,3.297262190463335,-0.6076507618391969,3.159637279636517,1.6598859545741462,2.906086679298166,2.209461452727401,1.565136607484927,1.2493622741496886,1.6598859545358418,0.4125936043660927
242,0.1275744116500969,-1.168256131763849,2.9510415822893163,0.7954245950475897,3.219964652835577,2.343428190725828,1.565136607484927,0.8817044744094471,0.795424595099472,1.6124863931505182
243,2.36500107606444,-0.2449061141525393,3.294610968078337,2.219243306619007,2.682383894515486,2.1760071614737173,1.565136607484927,1.4872584967036155,2.2192433051661804,0.0644630906717095
257,0.7948771152726206,0.8381209847295262,3.697594607815272,3.889286305587288,2.00410408057468,2.051908606329011,1.565136607484927,2.197532390094877,3.889286302191969,-0.6925877678714423
259,0.1275744116500969,0.6256810519950282,3.618547817069533,3.5617009455325728,2.1186528743555137,2.091702398923221,1.565136607484927,2.0582094335782197,3.5617009452958546,-0.4472061925719373
266,3.297262190463335,1.537274131785547,0.3058093713926177,1.6598859545741462,0.7200171742595457,1.2704491082684763,1.565136607484927,2.597440873197241,1.6598859545358418,0.1310064271512095
267,2.36500107606444,1.4297411301453502,0.1681521506440705,1.4056326100109833,0.718853598360738,1.2697056751421585,1.565136607484927,2.5253511083116056,1.4056326127115335,0.4752700603099514
280,-1.5261757514576806,1.7439245027464858,0.5703506660982,2.1484945526725854,0.4232825425460579,1.2898645900682395,1.565136607484927,2.735978595009,2.1484945496012404,0.4704340678822972
281,0.1275744116500969,-1.5046193537186372,1.9374492062091837,-0.9334981240055262,2.885636668836697,1.9326010622029148,1.565136607484927,0.3914940747557917,-0.9334981237732676,1.7752363923677743
289,3.297262190463335,4.74247439896343,2.3379971658941407,2.524347314100704,0.6904880035270706,1.917174215460392,-3.5380934120136525,-0.834031924378347,2.5243473139722115,-0.374166428713677
313,4.353824766496079,1.9711339398141887,3.437865354092592,1.9480397385854575,4.480632332108057,4.395680321693983,1.565136607484927,3.986370338228984,1.9480397433198624,0.6577712204315378
323,-0.4761756462871875,1.9711339398141887,3.437865354092592,1.9480397385854575,4.5551635979400364,4.648931669294338,1.565136607484927,3.986370338228984,1.9480397433198624,1.301974058205516
328,0.7948771152726206,0.2008011865260392,1.7771037701921384,0.613432727518012,1.3772391105767805,1.2816077403485473,1.565136607484927,1.2687126845591312,0.613432733230826,-0.6789556689005365
341,2.36500107606444,-1.9562579567076048,-4.642556824582215,-3.882836879728791,-4.886244178254011,-5.025755728453245,-4.038410076482678,-4.049235427297025,-3.882836877870131,-1.8748394062491904
368,1.5363245468370912,1.2106605684381415,-0.8896356023019669,-0.3571905484902798,0.16389413750144,0.7427034153148898,1.565136607484927,2.0255287396143618,-0.3571905531209186,0.2905013935443071
369,-1.0250393399315358,-3.527673514751066,-1.669189379936958,-0.4619737474442442,-1.4939451458468818,-2.535334773508924,1.565136607484927,0.7480107294058763,-0.4619737471562822,0.8467465398392054
371,1.5363245468370912,-3.419343973802372,-1.967144045261545,0.411219544704092,-1.873862352028359,-2.796371609852029,1.565136607484927,0.5004297199947555,0.4112195433874446,-1.0063135310458968
372,0.1275744116500969,-3.457475972777893,-1.8622639979673823,0.1038555074263435,-1.7856476701782305,-2.7373555549463275,1.565136607484927,0.587578234617254,0.1038555075503756,-0.29235351619088
410,1.5363245468370912,-3.254683073744279,0.3183910239854607,-0.3571905484902798,1.5766635275223744,0.2236056777346339,1.565136607484927,-0.5889267245515192,-0.3571905531209186,1.123304149671284
415,1.5363245468370912,-3.2026848938549164,-0.2810315711015087,0.411219544704092,0.5778780153187945,-0.5766218172985101,1.565136607484927,-0.5889267245515192,0.4112195433874446,-0.1532651049059464
423,0.7948771152726206,-3.189001162202456,-0.4387743541204393,0.613432727518012,0.2780410439275491,-0.8090901871669257,1.565136607484927,-0.5889267245515192,0.613432733230826,-0.3614636739702816
441,-0.4761756462871875,-1.0484746145158752,-2.389729573311331,-0.6865091620000462,-0.4513210830973986,-0.4848733502445164,1.565136607484927,0.811674416755827,-0.6865091619583934,1.6979482588076706
444,0.7948771152726206,-1.2678052744656776,-2.492598671344748,-0.1145347276150516,-0.851492225018558,-0.9385354557428184,1.565136607484927,0.6494995475353001,-0.1145347280751359,0.5461213055229344
448,-1.0250393399315358,-1.1345754876203404,-2.4301120824961964,-0.4619737474442442,-0.6797243534144721,-0.6949100049215694,1.565136607484927,0.7480107294058763,-0.4619737471562822,1.4114205116039562
464,2.36500107606444,2.1363046222218154,-0.6336084894138141,-0.628394116523828,-0.2132626320781082,0.2645953894295151,-4.198511413304218,-3.357173687532261,-0.6283941149672365,1.3950577296612612
479,0.7948771152726206,1.22297592770533,-1.109161023420714,0.2494489999514801,-1.0604080335083863,-0.6348653598739675,-3.162065939098732,-2.859374891678056,0.2494490025778458,0.153238770919554
483,-1.0250393399315358,1.3090434959759902,-1.0643473154136949,0.166725423801672,-1.1207862485255211,-0.6004471759954939,-3.259735403675671,-2.906284977816225,0.1667254239715941,0.5834937330016912
512,0.7948771152726206,-1.3006462390112845,-0.2740142122526218,0.613432727518012,1.6719014688238494,1.0476460338110158,1.565136607484927,1.475117063567074,0.613432733230826,0.2462359941905869
514,-1.0250393399315358,-1.0991221800481537,0.0946745083623092,0.166725423801672,2.3987000907376617,1.764898769264596,1.565136607484927,1.7284315287131864,0.1667254239715941,1.2552922034100382
522,-0.4761756462871875,-1.3084655042130402,-0.2883195846779657,0.6307652920390181,1.6046351966840406,1.0188677928886298,1.565136607484927,1.4652882842679282,0.6307652872228888,0.4224179719539325
564,0.7948771152726206,-1.9451499756630384,0.8937842914849141,0.2494489999514801,-1.339384727464615,-1.8874006113845283,1.565136607484927,0.5462973580313287,0.2494490025778458,-0.8600749326713676
597,4.353824766496079,-2.071724495398233,2.5395926021606074,-0.3571905484902798,2.0236904783254293,0.9189394120259642,1.565136607484927,-0.5889267245515192,-0.3571905531209186,0.4923866509293801
609,1.5363245468370912,-1.6254067822437674,2.680570549477879,0.411219544704092,1.0876510294644388,0.3397956998604738,1.565136607484927,-0.5889267245515192,0.4112195433874446,-0.4048428932074522
612,-0.4761756462871875,-1.6891664686439485,2.660430833377778,0.3014466785292517,1.1384234533780888,0.3995248456278191,1.565136607484927,-0.5889267245515192,0.301446678385414,0.0915621073509555
619,1.5363245468370912,0.0082026670275263,-0.2277556611075764,-0.3571905484902798,-0.2184356257198944,-0.0243819860596997,1.565136607484927,0.7183010085118423,-0.3571905531209186,0.5645398747827246
626,0.1275744116500969,0.1128490092465668,0.4045571227005016,0.4496400512369659,-0.8470509539024097,-0.4951346552172783,1.565136607484927,0.4895361546865224,0.4496400513249238,-0.4815510666648837
628,-1.0250393399315358,0.076154843124105,0.1828370575614703,0.166725423801672,-0.7328680213843948,-0.3655621942078515,1.565136607484927,0.5697524020808336,0.1667254239715941,0.1245595668972653
659,0.1275744116500969,2.146627794747122,-0.0717277384657553,0.7954245950475897,-3.252946092308296,-2.109636520599126,-3.19787807484014,-0.5889267245515192,0.795424595099472,-0.650049915151513
682,2.36500107606444,-0.4972502101087128,1.330785853423122,2.219243306619007,-0.1371175268889019,-0.3767050934259366,1.565136607484927,2.756038355553473,2.2192433051661804,-0.7754604916522935
720,1.5363245468370912,0.5758494548909203,3.600005974036166,3.484859932466825,2.178864019416272,2.077058206667184,1.565136607484927,2.0255287396143618,3.4848599363365875,-0.6633979272430846
748,0.7948771152726206,4.5963578058606105,1.78036267672344,0.977416462577166,0.8387153839287957,2.0478461154562693,-4.451302987731883,-1.930555186142311,0.977416456968118,1.283658476999949
870,1.5363245468370912,-1.2094213548284394,-0.1071180753053665,0.411219544704092,2.032341076470068,1.3608420673879456,1.565136607484927,1.5897861625801883,0.4112195433874446,0.4677522247609159
947,4.353824766496079,0.0082026670275263,-0.2277556611075764,-0.3571905484902798,-0.0630122319794687,0.0226094579401041,1.565136607484927,0.7183010085118423,-0.3571905531209186,0.2161472049063424
949,2.36500107606444,-0.0269725607818586,-0.4402977718010106,-0.628394116523828,0.0058451124484645,0.1345625760147454,1.565136607484927,0.7951967569388512,-0.6283941149672365,0.9221199773172462
958,-0.4761756462871875,0.0082026670275263,-0.2277556611075764,-0.3571905484902798,-0.33799208806936,-0.0605292557885426,1.565136607484927,0.7183010085118423,-0.3571905531209186,0.8669114898906346
1010,0.7948771152726206,0.6769950456917565,-2.747755759560254,-4.118355764563701,-4.245651428320844,-3.612291032625019,-4.952672954793786,-3.065779270686,-4.118355765257933,0.6380611092940158
1042,0.7948771152726206,-1.0574178983591618,0.4538717609626866,0.613432727518012,-0.3989109556751582,-0.7736358502933169,1.565136607484927,2.3007345795988488,0.613432733230826,1.762691673603335
1043,-0.4761756462871875,-1.3186794415633083,0.323184577802226,0.3014466785292517,-0.4275469447177742,-0.8724847130750671,1.565136607484927,2.212275560024015,0.301446678385414,2.3448270765217245
1072,1.5363245468370912,-0.7750198947662069,-1.351555951726276,0.7954245950475897,1.5786668937741388,1.0788452076499335,1.565136607484927,-0.2621197907954686,0.795424595099472,2.053996781421654
1074,-0.4761756462871875,-1.1793986071005649,-1.6928817376483485,0.3014466785292517,1.741300301712646,1.1141513232364484,1.565136607484927,-0.5889267245515192,0.301446678385414,2.962945655349625
1095,0.1275744116500969,0.6403055399061066,-0.1569156683073033,2.524347314100704,0.7571299000287814,0.95317500606954,1.565136607484927,0.8817044744094471,2.5243473139722115,-0.1644793013839539
1132,1.5363245468370912,1.434902716408002,-0.2139073515818784,0.7954245950475897,0.3819341284287612,1.010634143600631,1.565136607484927,2.3523356733704133,0.795424595099472,2.0321727085121224
1135,-0.4761756462871875,1.1883756372640215,-0.4739725290457301,0.3014466785292517,0.4179900296277881,1.0387256340177733,1.565136607484927,2.212275560024015,0.301446678385414,2.941215040950277
1337,1.5363245468370912,-1.4704955485927889,2.208652631563412,-0.3571905484902798,2.150158172354372,1.29446153291039,1.565136607484927,0.0646871409997411,-0.3571905531209186,2.611497975604135
1358,0.1275744116500969,-0.8816161687067234,2.2904914747714717,0.4496400512369659,1.223743018717738,0.7641147546910341,1.565136607484927,0.1954099148943293,0.4496400513249238,1.1671710551334826
1710,1.5363245468370912,-0.0167131120252105,0.6725427350120816,0.411219544704092,2.4146708396914023,2.088041361938692,1.565136607484927,2.243400028131449,0.4112195433874446,2.0297555033029338
1831,-0.4761756462871875,-2.0624391077340034,1.8227627715876635,0.3014466785292517,2.487509129965431,1.4296608409302247,1.565136607484927,0.2514339614093932,0.301446678385414,3.5383254512839537
1889,0.1275744116500969,3.3692349841132243,0.6542038748514636,0.4496400512369659,0.1722116092283694,1.109351359997774,-4.1504810113051525,-2.4517262432354103,0.4496400513249238,3.1992383474220274
1912,0.7948771152726206,2.6341107251163822,0.5320448492175807,2.069367652769384,-0.6066687363679203,0.2722670874780691,-2.7323202530456725,-1.4145442405832929,2.0693676489270616,0.7757223682661019
1918,3.297262190463335,0.6013069054765666,1.926572933395433,1.227655274810868,3.5137508498405,3.166623027344652,1.565136607484927,2.965098672937483,1.2276552748176568,2.563014954510888
1921,0.1275744116500969,0.5164848755923156,2.027198970975237,0.4496400512369659,4.265644956910876,3.860430629705256,1.565136607484927,3.0386302328855304,0.4496400513249238,3.8807480305176343
2282,-0.4761756462871875,-0.4207823116974203,0.1451928229639596,2.277358352095224,0.5610929492174555,0.4042975533450214,1.565136607484927,-0.2154330876538966,2.277358352157337,0.4450608283857058
2349,-0.4761756462871875,3.918280047331879,1.5972939635710868,0.3014466785292517,0.3694411198071063,1.4703140023323302,-4.267126269220299,-2.5497683231661408,0.301446678385414,3.3181513194091816
2825,0.7948771152726206,-1.5017970810429244,-1.6832804091177889,2.069367652769384,0.2619853285644759,-0.2300026922843409,1.565136607484927,-0.3825223455435755,2.0693676489270616,0.576344258191154
2975,0.1275744116500969,0.1518476436761102,-2.8944047390784844,-4.737128105922379,-4.574852903620771,-4.077174945399908,-5.103083947770167,-3.726273282334914,-4.737128105293294,2.602289444490508
4754,0.7948771152726206,2.786000149578588,-0.7848165087147203,-1.934453380432955,-1.7204597420267065,-0.7046660855938826,-3.94993302066998,-2.1369595651502538,-1.9344533813400435,-0.7572408131987345
4775,2.36500107606444,-0.0774413955725449,-1.751686372797809,-2.6624208430586407,-2.5298396955336027,-2.366176849588754,-1.7969913990852235,-0.704270347192033,-2.6624208426460068,-1.882980066104888
4777,0.7948771152726206,-0.3359431614126549,-1.910245124734823,-3.026404573622222,-2.679187740244965,-2.558909445669357,-1.944453161948397,-0.8985332930634342,-3.0264045732989886,-2.351893539236622
4783,1.5363245468370912,0.4653533370067673,-1.1878545638151092,-1.5098056995207714,-2.3981586456839223,-1.9964331341412869,-1.0809826625903391,0.0646871409997411,-1.5098056944256162,-0.5981578440085777
4788,0.1275744116500969,0.5662081344899785,-1.2789603646691294,-1.6250672116267724,-2.6687006786304988,-2.151915817320901,-1.2926722019101131,-0.0987163248978637,-1.625067211322364,-0.4602505563519181
4798,0.7948771152726206,-1.5479796734200462,0.8098583109689289,-0.8425021902407374,1.1583363637077526,0.3970958911675703,1.565136607484927,1.165510495055159,-0.8425021893810994,-1.4332051563985713
4800,0.7948771152726206,-1.1261786526426811,0.9318669547032076,-0.4785184626742056,1.0368432168114348,0.4586793430713246,1.565136607484927,1.2687126845591312,-0.4785184587281177,-1.5883244725708598
4805,-0.4761756462871875,-0.9992620427360636,0.8660451895468817,-0.3571905484902798,0.7856170724742354,0.3218832603545458,1.565136607484927,1.3719148740631026,-0.3571905531209186,-1.7979512361247705
4808,-0.4761756462871875,-0.6176325598180261,0.9764339546655816,-0.0278719349805147,0.6734695410101256,0.3787295253548572,1.565136607484927,1.4652882842679282,-0.0278719373677522,-1.4651860737652282
4819,0.1275744116500969,0.3039423179513182,0.9994889873481038,0.7954245950475897,0.0468683931759845,0.1860317919668826,1.565136607484927,1.862125273716758,0.795424595099472,-0.4780347548866197
4849,4.353824766496079,1.5551485123988569,0.3165860815813152,-0.3571905484902798,-0.0107702193538548,0.2635881538778952,-1.15658607085112,0.0646871409997411,-0.3571905531209186,-2.3311968991096808
4853,0.7948771152726206,1.275316189966388,0.2025614253932074,-0.8425021902407374,0.0020421342425769,0.2639574772733157,-1.443083194886493,-0.2793201560396041,-0.8425021893810994,-1.490035788153624
4856,0.7948771152726206,1.697117210743753,0.3245700527816269,-0.4785184626742056,-0.1194510231021398,0.3255409070181108,-1.443083194886493,-0.1761179665356318,-0.4785184587281177,-1.6531630103604045
4859,0.1275744116500969,1.4222281602183997,0.2624243731611352,-0.5877135801949025,-0.145520132199606,0.2301724413745235,-1.2926722019101131,-0.0987163248978637,-0.5877135799987192,-1.7753067526976734
4866,-0.4761756462871875,1.9367779953168975,0.426974846700015,-0.0278719349805147,-0.3938789841222527,0.2558325176867945,-1.15658607085112,0.1580605512045676,-0.0278719373677522,-1.4979869217982944
4867,0.1275744116500969,1.4183282967754476,0.3555782610667601,0.1038555074263435,-0.5127522254306002,-0.0235033389561304,-0.4761553965040928,0.6856203145479848,0.1038555075503756,-1.7059448005221598
4878,-1.0250393399315358,1.672439849842602,0.4505093688002556,0.4810750131709418,-0.74788276240389,-0.0647748239933136,-0.2905834004714688,0.9262690567309184,0.4810750129933795,-0.898687198065864
4885,1.5363245468370912,-0.5236953596092406,-3.034968613104367,-3.4308309407485864,-1.6546730368232718,-1.746614940775206,-2.1394303687152387,-2.440832677927177,-3.43083093915437,-2.0080944619776835
4886,2.36500107606444,-0.6176871774055436,-2.7749988627633297,-2.6624208430586407,-0.8783461972169038,-1.099490088150937,-1.2366367344988751,-1.9730502060418893,-2.6624208426460068,-0.8424424420785095
4888,0.7948771152726206,-0.6859046027141916,-3.072119546033599,-3.390388303436541,-1.4612218148752545,-1.6161380041777955,-1.944453161948397,-2.4465661336621696,-3.3903883039519696,-1.4467563704590982
4899,1.5363245468370912,0.0851166513187438,-2.257472403118999,-1.8940107423716468,-1.2906870323919766,-1.1623891286217878,-1.0809826625903391,-1.351476235341743,-1.894010746137644,-1.0908271208479237
4913,-0.4761756462871875,0.3025495012219855,-1.97979518409952,-1.3451463890195778,-1.310449015547163,-1.0196713429019937,-0.7029656212864352,-0.9624203614491416,-1.3451463934647243,-0.4215578334144776
4915,0.1275744116500969,0.8889218343944317,-1.6347102756796572,-0.9334981240055262,-1.7494000721380762,-1.1944714500491642,-0.8163707336776064,-0.5889267245515192,-0.9334981237732676,0.0580610815054445
4924,1.5363245468370912,-1.5094941830223287,-1.2152401375222015,-0.7413955988337774,0.5067062243507195,-0.1516514884585441,1.565136607484927,0.6093653632728785,-0.7413955979172545,-2.016117145928226
4980,-0.4761756462871875,0.1641972047456897,0.1017370962020875,0.6307652920390181,0.8829439419957542,0.8943514970197096,1.565136607484927,0.7183010085118423,0.6307652872228888,-0.9214470931935048
5038,0.1275744116500969,1.4885258387486202,-0.6788711854663046,-0.2419290363842801,0.723477685175866,1.0675152424869183,-0.8844137992071026,-1.0791371242051746,-0.241929036224171,-1.974875048778987
5058,3.297262190463335,0.2564127322403136,0.1795711223109493,-0.5012674442422466,3.016327272817413,2.5978763659442303,1.565136607484927,1.4944674739765165,-0.5012674440550825,-1.3151336558960982
5071,0.7948771152726206,0.2572465815423703,0.1558855154391821,-0.4785184626742056,2.95237931928396,2.619270310536346,1.565136607484927,1.475117063567074,-0.4785184587281177,-1.153333117166507
5079,1.5363245468370912,0.9203373988516356,0.2579386772462338,0.411219544704092,1.9160321865934609,1.970020810241108,1.565136607484927,1.698721807819154,0.4112195433874446,-1.6240896536000151
5086,-0.4761756462871875,1.198589555114971,0.4701066639268257,0.6307652920390181,1.727223085403328,1.9866177830542215,1.565136607484927,1.932155331370378,0.6307652872228888,-0.8756863801698505
5109,0.1275744116500969,-0.3726839894012139,-0.7983991980373115,-3.0082053868692644,-1.0239465880137484,-1.109381041552509,-1.7689736701426195,-1.4713054439280993,-3.008205386420555,-1.3790604539973947
5110,2.36500107606444,0.3595727195053407,-0.4474229642794283,-1.84881015394324,-1.057982729417451,-0.9004623285939632,-1.2366367344988751,-0.704270347192033,-1.84881015019136,-1.1559215917497951
5112,1.5363245468370912,0.1501143688682054,-0.3049739714127085,-1.8940107423716468,-0.8003389672812686,-0.7288442592606807,-1.0809826625903391,-0.697862369790483,-1.894010746137644,-1.0117088349811945
5118,0.1275744116500969,0.2824930690150723,-0.4843678249686254,-1.9708517554373948,-1.198706568648954,-0.9857340417058054,-1.2926722019101131,-0.7850108844129815,-1.9708517550969105,-1.1156446102321655
5129,-0.4761756462871875,0.3675472382707623,-0.0272967523932298,-1.3451463890195778,-0.8043846618778138,-0.5722307976767127,-0.7029656212864352,-0.3088064958978814,-1.3451463934647243,-0.371038991310804
5130,-1.0250393399315358,0.2933063178799364,-0.2804944298403233,-1.719372089936078,-1.0661798042020834,-0.8213802114545565,-1.0328714036540263,-0.5889267245515192,-1.7193720894120366,-0.6969566626877043
5134,-1.0250393399315358,0.6398623789237667,-0.3130779865989658,-1.4050225005668082,-1.3830256778219638,-0.9557291671475396,-1.0328714036540263,-0.4106683972264773,-1.4050225003902526,-0.4364691855749337
5174,3.297262190463335,1.845607085244104,1.2745053130750896,-0.5012674442422466,1.3753807890488703,1.589960224011411,-1.4968013984986033,-0.834031924378347,-0.5012674440550825,-1.9935384545931365
5180,0.1275744116500969,1.5587233807217928,1.3246752320454172,-0.5877135801949025,1.4334006637868513,1.65969130411833,-1.2926722019101131,-0.7850108844129815,-0.5877135799987192,-1.5763172470818414
5184,0.7948771152726206,1.4148902551614058,1.4187769509108752,-0.1145347276150516,1.264217862796715,1.4887940214536846,-0.5835918227803727,-0.1761179665356318,-0.1145347280751359,-1.6405844920802068
5190,-1.0250393399315358,1.8000717532026071,1.331506607714553,-0.1476241580749743,1.0541106543121526,1.4937387491816052,-1.0328714036540263,-0.4106683972264773,-0.1476241581344983,-1.7184884396215003
5197,0.1275744116500969,2.317246820376364,1.3461452721978246,0.7954245950475897,0.3817814877162704,1.1158217764772078,-0.4761553965040928,0.3914940747557917,0.795424595099472,-0.7742715329543728
5225,0.1275744116500969,0.8401735413575051,-0.9290870677238352,-0.9334981240055262,-2.5012671178459125,-1.883171943818968,-0.8163707336776064,0.3914940747557917,-0.9334981237732676,0.2472896348626901
5271,2.36500107606444,0.8550847862275434,-0.7063854174268521,-3.069226188365604,0.052953166664125,0.1743479703629093,-1.7969913990852235,-0.1275522300677815,-3.0692261854154843,-0.9298897743654694
5281,0.7948771152726206,1.2845527240412675,-0.0621875107548396,-1.934453380432955,0.4115367932245999,0.7281877007120982,-0.9417132278245892,0.7527017370392725,-1.9344533813400435,-0.2863214947584374
5302,-1.0250393399315358,1.6839621718786637,0.1371772061812957,-1.0906729186901605,-0.0438577920859108,0.5827592625302158,-0.5998700637011863,1.1045273840559602,-1.09067291828416,0.0062517846868126
5352,2.36500107606444,-0.112998965993881,1.997895815552022,-0.628394116523828,3.3756259044594867,2.793436394424895,1.565136607484927,1.7179457439454846,-0.6283941149672365,-1.4247270487155257
5421,0.1275744116500969,2.8125294776315317,1.4808176737729584,-0.2419290363842801,2.1864588273825523,2.780580164377392,-0.8844137992071026,0.979746554340178,-0.241929036224171,-1.3395338847100389
5491,1.5363245468370912,0.5433506058658473,0.2600578033995427,0.7954245950475897,-1.7626232046797825,-1.4355224041414,-1.0809826625903391,0.7183010085118423,0.795424595099472,-0.9081737504403152
5493,0.1275744116500969,0.3624402695956282,-0.32571251804455,-0.2419290363842801,-2.251441634109216,-1.904621817627497,-1.7689736701426195,-0.000674244967133,-0.241929036224171,-1.5605426501905286
5495,0.7948771152726206,0.9407489721229826,0.2871541371377763,0.977416462577166,-2.0690576317742724,-1.5326725853825505,-1.443083194886493,0.5462973580313287,0.977416456968118,-0.5798210518824085
5496,0.7948771152726206,0.8073325768118981,0.5334331847222448,1.3414001901436978,-1.773154515278943,-1.314314494263503,-0.9417132278245892,0.9591061160472152,1.341400187621098,-0.4701837901706352
5500,-0.4761756462871875,0.4891858314916383,0.1723448306967649,0.6307652920390181,-1.969220794756156,-1.5731339942195717,-1.15658607085112,0.6249275983070157,0.6307652872228888,-0.8761515433812723
5527,1.5363245468370912,-0.0307959674020136,2.5715313311412613,2.7164498392724528,1.252263343944399,1.035587061004998,1.565136607484927,2.243400028131449,2.716449839828224,-1.444088885384007
5534,-0.4761756462871875,-0.5507777467963468,2.2175016909870577,1.9480397385854575,1.2356739659739555,0.874919794860826,1.565136607484927,2.0255287396143618,1.9480397433198624,-1.7423135518303678
5577,4.353824766496079,2.003632808338577,1.6680425993673504,1.9480397385854575,0.4071397606447448,0.7771220645315388,-1.15658607085112,0.7183010085118423,1.9480397433198624,-2.350175859542214
5591,0.1275744116500969,1.8258640265641484,1.4787352277264658,1.4869936826688357,0.2556734485990503,0.7231649956020166,-1.2926722019101131,0.4895361546865224,1.4869936826485683,-1.8428065374972888
5595,0.1275744116500969,2.7618312528731286,2.11598859634989,2.870131857911328,0.1561377867837202,1.0057360604846617,-1.2926722019101131,0.8817044744094471,2.87013185774676,-0.9804191057154928
5608,2.36500107606444,-0.0843235040896442,-1.691761294421142,-1.0351994573352177,-0.9921103055196996,-1.0273727428212616,-1.7969913990852235,-1.6270193361595071,-1.0351994577367134,-1.7522112841612607
5625,0.1275744116500969,0.4209382212399416,-1.172460377399052,-0.2419290363842801,-1.3492011792598124,-1.0781812251037357,-1.7689736701426195,-1.1771792041359053,-0.241929036224171,-1.5923698202479315
5629,-0.4761756462871875,0.5541835490410999,-0.7684861295901908,0.6307652920390181,-0.9570920874174544,-0.6460371765355646,-1.15658607085112,-0.6823001347563457,0.6307652872228888,-0.8287776382522944
5651,0.7948771152726206,-1.2657527178376988,-0.2812269204582661,0.977416462577166,0.9583582963607532,0.3403135547684333,1.565136607484927,0.9591061160472152,0.977416456968118,-1.7970691647337391
5657,0.1275744116500969,-0.9245146665792188,0.005543924722019,1.4869936826688357,0.8394089802336201,0.385639708565287,1.565136607484927,1.1758307142016402,1.4869936826485683,-1.9827581185363363
5666,-0.4761756462871875,-0.6157754838451237,0.2650032592807676,1.9480397385854575,0.7296096123046032,0.4274792385560656,1.565136607484927,1.3719148740631026,1.9480397433198624,-1.8658085850118884
5692,-0.4761756462871875,-0.4857800292468819,1.2766707470459613,1.9480397385854575,2.247802683761059,1.8020166014653505,1.565136607484927,0.7183010085118423,1.9480397433198624,-1.779696333597337
5755,0.1275744116500969,1.959434349485326,0.740158163930083,2.178562770290082,1.1915368627742984,1.642673222418998,-0.8844137992071026,-0.3928425646900568,2.1785627701976638,-1.8896315078998591
5803,3.297262190463335,0.0626382674185357,0.7489172067101285,-0.5012674442422466,-0.1274079726999413,-0.2538763353563565,-1.4117475689682395,-0.5889267245515192,-0.5012674440550825,-1.164910351034258
5808,2.36500107606444,0.5121262127146157,0.5719153570718679,-0.2215887682198167,-0.7923463468372467,-0.6456342823149197,-1.7969913990852235,-0.5889267245515192,-0.2215887721977581,-1.7331319298698131
5809,2.36500107606444,0.38595414523721,1.02569795345766,0.1852165800841946,-0.2132246416865254,-0.1753607120433047,-1.2366367344988751,-0.242895854669137,0.1852165774874102,-1.095650839582744
5815,1.5363245468370912,0.6733460409647702,1.2717252911647363,0.7954245950475897,-0.2915789884508517,-0.1036725303820068,-1.0809826625903391,0.0646871409997411,0.795424595099472,-0.8569296882920252
5817,0.1275744116500969,0.4794361728842516,0.5847882111366088,-0.2419290363842801,-0.8980809518351108,-0.6793199352756653,-1.7689736701426195,-0.5889267245515192,-0.241929036224171,-1.5445417285027108
5825,-0.4761756462871875,0.7213205620959827,0.816664497669881,0.3014466785292517,-0.9410537895413932,-0.5965204309150561,-1.6102065108897743,-0.3088064958978814,0.301446678385414,-1.1619551577031442
5835,-1.0250393399315358,1.153935280222507,1.8804674448708103,2.052822937539422,-0.2920228365901178,0.1882476880214841,-0.5998700637011863,0.7480107294058763,2.0528229373552263,0.1181445642614335
5851,0.1275744116500969,0.820674224142735,1.83193685206476,2.178562770290082,1.500755245824801,1.715620520536443,1.565136607484927,2.156251513508952,2.1785627701976638,-1.9001673148069465
5882,1.5363245468370912,1.635312369892991,2.4942916894905864,1.179629645391086,2.042471481864339,2.163189133474198,-1.15658607085112,-0.2621197907954686,1.1796296468114993,-1.5782567529681732
5888,0.7948771152726206,2.245150668884621,2.5633191063707232,1.7053839177102297,1.708209667598651,2.11543094512158,-1.443083194886493,-0.1761179665356318,1.70538391827408,-1.8482592286317
5898,0.1275744116500969,2.8593278389469785,2.874739212173785,2.870131857911328,1.2839383553454728,2.0268209624445213,-1.2926722019101131,0.3914940747557917,2.87013185774676,-1.369614441547899
5930,0.1275744116500969,1.4154033991932318,-0.6605184967092655,-0.2419290363842801,-1.8996982527814623,-1.1095583132368765,-1.7689736701426195,-0.000674244967133,-0.241929036224171,-1.5945573791908985
5932,0.1275744116500969,1.4641516922301585,-0.4823544074832236,0.1038555074263435,-1.5570073674014742,-0.7674239624065763,-1.2926722019101131,0.3914940747557917,0.1038555075503756,-1.118720433645138
5942,0.1275744116500969,2.390369259931752,0.8190927076644535,2.524347314100704,-1.5394916654083577,-0.3989647664476217,-0.8163707336776064,1.3719148740631026,2.5243473139722115,0.4061221517404352
5983,1.5363245468370912,1.5703146328442106,1.208046337310907,0.0270144943605943,1.025814656287704,1.32095593840514,-1.0809826625903391,1.2629792288241388,0.0270144985911087,-0.2688810795858694
5986,2.36500107606444,1.9688399036418207,1.314095162536311,0.9988272691995952,0.2341902060602753,0.7658915044655327,-1.2366367344988751,1.2565712514225889,0.998827269942057,-0.8778165594113776
5990,0.1275744116500969,1.6279459568342292,1.0800689215603112,0.1038555074263435,0.548220360580467,0.9822475623058956,-1.2926722019101131,1.0777886342709095,0.1038555075503756,-0.5951749167802176
6003,-1.5261757514576806,2.14069321655144,1.6506064555966844,1.5471301253964491,0.2735494742016465,1.0348782623340131,-0.91991452904858,1.627676822475774,1.5471301238414124,-0.1074981688126206
6015,1.5363245468370912,-0.349284808743492,-2.5430644503566886,-2.278215794213668,-1.0004622151813531,-1.0769326164266797,-1.0809826625903391,-1.678283169097794,-2.2782157909339795,-0.933177781961212
6166,0.1275744116500969,-0.7246466651278203,-2.9214132465181777,-0.9334981240055262,-3.3388319610648054,-3.1834597486584784,-2.857662737666626,-3.0399787228197965,-0.9334981237732676,-0.9609330100907908
6186,0.1275744116500969,-2.613155537378335,-3.3820295723767515,-2.6624208430586407,-3.5402353681390726,-4.040834250104461,-1.7689736701426195,-2.059557923512485,-2.6624208426460068,-2.5363778941927024
6207,3.297262190463335,-3.410677611462442,-0.70734315397703,-0.5012674442422466,0.1990299732709092,-1.0657384413738933,1.565136607484927,0.1463888749289639,-0.5012674440550825,-1.7117163452516475
6267,1.5363245468370912,-0.8779329621773426,-1.1116355085411318,-0.7413955988337774,-0.674363027317171,-1.0491857443798462,-1.15658607085112,-1.1336049468246563,-0.7413955979172545,-1.280038587005433
6270,1.5363245468370912,-0.8302679732076005,-1.2427355553994412,-0.3571905484902798,-0.9285817508636056,-1.2273245177376266,-1.15658607085112,-1.2425405901027795,-0.3571905531209186,-1.7725358372055746
6291,-0.4761756462871875,-1.1728988216960978,-1.4211367903428156,-0.0278719349805147,-1.3601914568366922,-1.638417702252128,-0.7677685412919574,-1.0557937716539685,-0.0278719373677522,-2.2169361515530186
6322,0.1275744116500969,-2.671653489022645,-4.135936992011152,-2.3166362992480183,-2.203554515656072,-2.867029792061542,-1.2926722019101131,-3.0399787228197965,-2.3166362988714586,-1.2370309899950824
6325,0.7948771152726206,-2.710754752258552,-4.034652755740981,-1.5704696528664233,-2.367598959458794,-2.9965489164529338,-0.9417132278245892,-2.7561727021740845,-1.570469650687063,-1.292976986154492
6348,-0.4761756462871875,-1.064259779784844,-1.0864532421594086,-0.3571905484902798,0.2795527083564812,-0.1255572737912522,1.565136607484927,0.7183010085118423,-0.3571905531209186,-1.9667117684399176
6434,0.7948771152726206,-0.5360677348799647,-2.0683477618319928,-0.8425021902407374,0.4878493131674665,0.1068135080149181,-1.443083194886493,-2.7561727021740845,-0.8425021893810994,-0.808606472628868
6508,2.36500107606444,-2.642175109583252,-1.7389610727991265,-2.6624208430586407,-0.9464507864849148,-1.837786364121724,-1.2366367344988751,-2.3190810759242724,-2.6624208426460068,-0.2349614660817058
6517,0.7948771152726206,-2.673808676406919,-1.900980373779781,-1.934453380432955,-1.4190973352119989,-2.197626059028585,-0.9417132278245892,-2.1369595651502538,-1.9344533813400435,-0.6660330373605361
6533,-1.0250393399315358,-2.710474857109319,-2.088775491961554,-1.0906729186901605,-1.996776450322881,-2.637430132304892,-0.5998700637011863,-1.9258641785089148,-1.09067291828416,-0.6563970863279268
6565,2.36500107606444,-0.568365370450697,-0.0518282737961313,-0.628394116523828,0.8679475588194957,0.3890884405488233,-1.3166873981466312,-1.9730502060418893,-0.6283941149672365,-1.1910014928453456
6576,0.1275744116500969,-1.3076762498494543,-0.45335685423338,0.1038555074263435,0.1281862203485097,-0.3780467076921955,-0.4761553965040928,-1.56934752385883,0.1038555075503756,-1.6129523457719834
6584,-1.5261757514576806,-0.8749185822284266,-0.7305879130409343,0.3444012783367984,-0.467600498758537,-0.7010388853421047,-0.91991452904858,-1.7824824798889691,0.3444012792374458,-1.8321132119507737
6605,1.5363245468370912,-1.7402360968973405,-3.5769556367791884,-1.5098056995207714,-3.0990965414402307,-3.2154649945733853,-1.0809826625903391,-1.678283169097794,-1.5098056944256162,-1.5018561116176212
6677,1.5363245468370912,-1.2635861292026482,-1.7027318174558843,-2.278215794213668,-0.1749248415612024,-0.6693040851088696,-1.0809826625903391,-0.697862369790483,-2.2782157909339795,0.0990621359235218
6683,-0.4761756462871875,-1.343749986696782,-2.148695633888908,-2.6624208430586407,-1.01489184565944,-1.3903225697150383,-1.6102065108897743,-1.2425405901027795,-2.6624208426460068,-0.6377497030437628
6694,-0.4761756462871875,-1.5034586763607434,-1.927790785758462,-1.3451463890195778,-0.9183807560618752,-1.3023685432357508,-0.7029656212864352,-0.6823001347563457,-1.3451463934647243,-0.2800068559908237
6700,-1.0250393399315358,-1.5688784761306374,-1.9891704984424887,-1.0906729186901605,-1.129485515329122,-1.482127586436345,-0.5998700637011863,-0.6780558872336196,-1.09067291828416,-0.2816217350728655
6718,0.7948771152726206,-2.019042131266164,-0.5542530725108548,-0.1145347276150516,1.036120532153979,0.193879764546579,1.565136607484927,1.3719148740631026,-0.1145347280751359,-0.5619847070229308
6750,-0.4761756462871875,-2.0587249518883386,0.4227391116556304,-0.3571905484902798,2.4152905762387755,1.3951440053593969,1.565136607484927,0.7183010085118423,-0.3571905531209186,-0.9636600341975208
6765,-1.5261757514576806,-2.135591825829164,0.1009231541704773,0.0437190646987298,1.7700405762608658,0.8557863744698505,1.565136607484927,0.6046290307859307,0.0437190663575317,-1.3410742818955563
6800,4.353824766496079,0.4956855973967864,-0.126719979964077,-0.3571905484902798,1.502498039365992,1.2601874044344232,-1.15658607085112,-0.5889267245515192,-0.3571905531209186,-1.3848463567731728
6808,0.1275744116500969,0.6676045840067873,0.0308512532682937,-0.5877135801949025,1.6665881113425411,1.5693713809328176,-1.2926722019101131,-0.5889267245515192,-0.5877135799987192,-0.699962135422693
6809,1.5363245468370912,0.0959495944939964,-0.3348547567889912,0.0270144943605943,1.0881143952196213,0.8867366588639167,-0.7029656212864352,-0.3710554360344324,0.0270144985911087,-1.4433869681111242
6811,-0.4761756462871875,0.4956855973967864,-0.126719979964077,-0.3571905484902798,1.3479420511064,1.272246997691337,-1.15658607085112,-0.5889267245515192,-0.3571905531209186,-0.974939632888472
6814,0.7948771152726206,-0.2281837921989109,-0.7901777705483526,0.613432727518012,0.1490468007872031,0.0241790435924572,-0.5835918227803727,-0.5889267245515192,0.613432733230826,-2.123377180030194
6899,0.1275744116500969,-1.1838555855356634,-0.1514573447649917,-1.2792826678161486,-2.912248762130101,-3.000869913759406,-0.8163707336776064,-1.4713054439280993,-1.2792826675478155,-0.8349281604270934
6982,0.1275744116500969,0.1576974388405416,1.003975255368058,-0.2419290363842801,-0.7395034570308174,-0.7200037868381282,-0.8844137992071026,-1.0791371242051746,-0.241929036224171,-2.2244425756417647
7022,0.7948771152726206,-0.9948148334588908,-0.8538561849888463,-1.2064859252998914,-2.2182651663684765,-2.322731858588496,-0.9417132278245892,-2.652970512670113,-1.2064859200340812,-0.8179735720563263
7195,0.1275744116500969,-0.5969261373710739,1.2693710461805678,0.1038555074263435,1.950805556830932,1.47169468284603,1.565136607484927,0.2934519948250609,0.1038555075503756,-1.0460599621345097
7217,0.7948771152726206,-1.1549144844330117,0.6208109202099157,-1.5704696528664233,-1.4091495887906726,-1.7028349373140357,-0.9417132278245892,-2.1369595651502538,-1.570469650687063,-1.0214371798542377
7218,-1.0250393399315358,-1.2675253812663771,0.123489788942317,-2.3480712574356826,-1.655461964352736,-1.94147463087602,-1.4658727340808375,-2.4606391604840403,-2.3480712605399146,-1.3788662867259742
7277,3.297262190463335,0.71830280876519,1.8950177599880635,-0.5012674442422466,1.0264290119077784,0.889842591727809,-1.4968013984986033,-2.059557923512485,-0.5012674440550825,-1.6906179422471896
7328,-1.0250393399315358,-0.1046570020948633,-0.3806441000614122,-1.0906729186901605,-2.5359565874111047,-2.126378847329838,-0.5998700637011863,-1.3019600338516877,-1.09067291828416,-0.5074475313626979
7372,2.36500107606444,-0.12102810234682,0.3498232601899025,-2.6624208430586407,0.4510420464460506,0.1788804971067508,-1.2366367344988751,-0.704270347192033,-2.6624208426460068,0.1513578968462706
7383,0.1275744116500969,-0.0840940946226125,0.4038013882715542,-1.9708517554373948,-0.8648341350001681,-0.8572120705389829,-1.2926722019101131,-1.1771792041359053,-1.9708517550969105,-1.0662189590325424
7391,-0.4761756462871875,0.0174880663913468,0.9280398334334224,-1.3451463890195778,-0.4110585714545372,-0.3903568523160011,-0.7029656212864352,-0.6823001347563457,-1.3451463934647243,-0.2678696133317198
7592,-1.0250393399315358,1.2984074959046084,2.4183605174792,0.4810750131709418,1.0385580086338582,1.325084440821347,-0.2905834004714688,-0.2324100699014345,0.4810750129933795,-1.039937083884865
7705,2.36500107606444,0.9399641636037226,-0.2341884430134665,-2.6624208430586407,0.7841323753722202,0.847174604679094,-1.2366367344988751,0.449165887056469,-2.6624208426460068,-0.0348093935814988
7955,0.7948771152726206,0.8689093731478357,-0.3578803505800797,1.3414001901436978,-0.833320708144147,-0.4534388704035614,-0.9417132278245892,-0.2793201560396041,1.341400187621098,-0.540325537962015
7962,-1.0250393399315358,0.7816755897131916,-0.4856372116598753,1.109774176924236,-0.9962877335752826,-0.5675369980180158,-1.0328714036540263,-0.4106683972264773,1.1097741772055645,-0.5030647883419986
8262,-1.985550791130396,2.167752048563352,1.2966506987235913,1.6598859545741462,-0.345788341236324,0.4724936600959554,-0.8163707336776064,0.8817044744094471,1.6598859545358418,-1.551553943389786
8320,0.1275744116500969,-0.658348986597603,-0.2839848264218627,1.141209138858212,0.5890443589266284,0.2804289638928599,1.565136607484927,1.0777886342709095,1.1412091388740202,-0.698202708677767
8405,0.7948771152726206,0.2972715040355591,-0.8486070067079958,0.613432727518012,0.9683887627848716,1.0534627609543428,1.565136607484927,1.0623083055511875,0.613432733230826,-0.2927919351980643
8443,-1.0250393399315358,0.4758908460268949,-0.7756694969795531,0.7954245950475897,0.6983502801495882,0.9446889440619608,1.565136607484927,1.1045273840559602,0.795424595099472,-0.7474104549691271
8461,0.7948771152726206,2.039894694097708,0.3358363704745483,1.3414001901436978,0.9077227256233776,1.3966496624105786,-1.0133375088334329,-0.5889267245515192,1.341400187621098,-0.8597065344444975
8572,0.7948771152726206,0.2459575103388309,0.6760318566166468,-0.4785184626742056,-0.2855588487807312,-0.2291717312638665,-0.9417132278245892,-0.2793201560396041,-0.4785184587281177,-0.1000250868814986
8587,0.1275744116500969,0.5915572468691799,-0.2619276103349344,-1.2792826678161486,-1.507736880454004,-1.1530785117492277,-1.7689736701426195,-0.7850108844129815,-1.2792826675478155,-1.5699426119244564
8650,0.1275744116500969,2.2090256098343874,2.099707222109601,1.141209138858212,1.3586695095661636,1.843256133281424,-1.2926722019101131,-0.1967584048285945,1.1412091388740202,-0.4802635060522061
9034,1.5363245468370912,2.105462571682532,-0.5752452578314101,-2.278215794213668,-1.8261222425987431,-1.093600008200515,-4.25632578096504,-3.094446545439278,-2.2782157909339795,0.4215646316508293
9137,-0.4761756462871875,-1.514601151697463,1.1497080168170892,-0.3571905484902798,0.6165096776051218,-0.017404506086094,1.565136607484927,0.811674416755827,-0.3571905531209186,-0.1886838633916138
9232,0.7948771152726206,0.5117639933980325,0.7186475860482173,-0.1145347276150516,-0.624757533239539,-0.4903704786998867,-0.5835918227803727,-0.2793201560396041,-0.1145347280751359,-0.786727599217856
9269,-0.4761756462871875,0.6925358455173922,0.8780754636356526,0.3014466785292517,-0.9166848967448288,-0.6104123929374407,-0.3789510212588251,-0.1220596774490701,0.301446678385414,-1.562034582409353
9552,0.7948771152726206,-0.4847537411832365,-1.1752485395470147,-0.4785184626742056,0.5762340950106994,0.4291340475706794,1.565136607484927,0.1334886019762832,-0.4785184587281177,0.005425683434452
9896,0.7948771152726206,-0.4231769643466143,0.674486813365079,-0.4785184626742056,1.0461509985780977,0.8446145578082535,1.565136607484927,0.7527017370392725,-0.4785184587281177,0.0662073946075669
10035,-1.5261757514576806,1.1207941431876978,1.7661376115016574,0.0437190646987298,0.6230709295936163,0.89456455542536,-0.91991452904858,-1.1004506194160204,0.0437190663575317,-0.6734338342137044
10239,0.7948771152726206,0.4265827665913673,-0.1169531169229419,-2.6624208430586407,0.0539271562991148,0.0806843929847694,-1.443083194886493,-0.3825223455435755,-2.6624208426460068,0.8776644669339032
10254,0.7948771152726206,0.5476837831359483,0.406144926718305,-1.5704696528664233,-0.3896336518986605,-0.2212314444545368,-0.9417132278245892,-0.2793201560396041,-1.570469650687063,-0.0839073064419968
10286,-1.0250393399315358,0.5494564465646267,-0.0944871236028276,-2.0337216718127245,-1.0660714542678982,-0.7588427055044907,-1.4658727340808375,-0.6780558872336196,-2.033721671518129,-0.826025204527352
10573,0.7948771152726206,2.383698446015993,1.6953700472010738,-0.4785184626742056,1.9434162689423211,2.3483770178614485,-1.443083194886493,-0.1761179665356318,-0.4785184587281177,0.3685635420133901
10989,0.7948771152726206,0.1433295229453745,-0.4870362537019572,-0.4785184626742056,-0.5556239330488411,-0.5650646341540556,-1.0133375088334329,-0.4857245350475478,-0.4785184587281177,0.0066906010707345
11034,0.1275744116500969,-0.0129215867887001,-0.5800147178525213,0.1038555074263435,-0.9817434005342724,-0.9155344546960648,-0.4761553965040928,-0.0987163248978637,0.1038555075503756,-0.9738288899288784
11613,0.1275744116500969,-0.8981905883392777,-0.8003473628549717,-1.6250672116267724,-1.0408228477723265,-1.240916631353587,-0.8163707336776064,-1.0791371242051746,-1.625067211322364,0.1646820588358846
11634,0.7948771152726206,-0.7413237096668774,-1.2378110058714324,-1.2064859252998914,-1.7656011874706865,-1.8030119040437984,-0.9417132278245892,-1.104937672071378,-1.2064859200340812,-1.094361157128239
11640,-0.4761756462871875,-0.9955478907902656,-0.9183377041566634,-1.3451463890195778,-1.255337714862114,-1.4299530197474828,-0.7029656212864352,-1.0557937716539685,-1.3451463934647243,-0.2013776434188686
11782,0.1275744116500969,0.8664976195974426,0.5871385658064182,-0.2419290363842801,0.7394637410393059,0.8455710936581438,-1.2926722019101131,-1.1771792041359053,-0.241929036224171,-0.0057921644109413
11789,0.7948771152726206,0.6862315602673205,0.6424225645358317,0.2494489999514801,0.5413669085669568,0.6407521207850168,-0.5835918227803727,-0.5889267245515192,0.2494490025778458,-0.5958569202301519
11790,0.1275744116500969,0.8645476878759667,0.6337155179321597,0.1038555074263435,0.5558476944238074,0.7187332034928167,-0.8844137992071026,-0.7850108844129815,0.1038555075503756,-0.4761896522174351
11801,0.7948771152726206,-0.0916885716955175,0.4339422199131412,-0.1145347276150516,0.7756853956959923,0.5595949277852788,-0.5835918227803727,-1.0017354825674063,-0.1145347280751359,-0.0421129455989593
11808,0.1275744116500969,0.5067352169849288,0.3998172650294098,0.1038555074263435,0.4385999006478886,0.4957254245578331,-0.8844137992071026,-0.981095044274444,0.1038555075503756,-0.6666352355651914
11810,0.1275744116500969,0.1235736337146932,0.4822361410317596,0.1038555074263435,0.597177395452182,0.5139844080477419,-0.4761553965040928,-0.7850108844129815,0.1038555075503756,-0.4079882125635375
11825,0.7948771152726206,-0.0670578531611446,0.1500052072098937,0.2494489999514801,0.2971006645681933,0.1761525961097762,-0.5835918227803727,-1.0017354825674063,0.2494490025778458,-0.7516519418059608
11829,-0.4761756462871875,-0.0205820300517453,0.258811398985559,-0.0278719349805147,0.4962164148063897,0.3794113344118964,-0.7677685412919574,-1.1491671818587947,-0.0278719373677522,-0.270215095788527
11839,-1.5261757514576806,0.3492994262334712,0.3175278809193064,0.0437190646987298,0.3613570967377955,0.4240823363812459,-0.91991452904858,-1.1004506194160204,0.0437190663575317,-0.4763478906335966
12025,1.5363245468370912,0.1533642615704405,-0.980286710405846,-1.8940107423716468,-0.3099908917221557,-0.2935651831134221,-1.0809826625903391,-0.0442485022783818,-1.894010746137644,0.3487795412956136
12064,0.1275744116500969,0.2015709025737732,-0.9761742394815612,-1.2792826678161486,-0.6974005742155819,-0.5395412121514707,-0.8163707336776064,0.0973678349635985,-1.2792826675478155,-0.1898326945366656
12067,-0.4761756462871875,0.2004102252158829,-0.8139896001406355,-1.3451463890195778,-0.3546894398314993,-0.2302157506899913,-0.7029656212864352,0.2514339614093932,-1.3451463934647243,0.3659576428350224
12079,0.7948771152726206,-0.1737909538105551,-1.4016396136004927,-1.2064859252998914,-1.190804097021918,-1.1069435558924494,-0.9417132278245892,-0.2793201560396041,-1.2064859200340812,-0.914123379929844
12372,0.1275744116500969,1.942859929852772,0.6810518496133285,-0.2419290363842801,1.5423273497917611,1.91505116545048,-1.2926722019101131,-0.000674244967133,-0.241929036224171,0.1859893320510712
12801,0.7948771152726206,0.3557694556798691,0.1531273642877063,0.613432727518012,-0.3466689430495442,-0.3082976788272353,-1.0133375088334329,-0.1761179665356318,0.613432733230826,-0.1042309297746972
12809,0.7948771152726206,0.4245302099633919,0.4155435829474296,1.3414001901436978,-0.4682840019065215,-0.3548314959738454,-0.5835918227803727,0.3398929809842269,1.341400187621098,-0.6175833734202614
12811,-0.4761756462871875,0.7891038936047944,0.4205662566649308,0.9600838980561612,-0.3627708716969833,-0.1282845321783746,-1.15658607085112,-0.1220596774490701,0.9600839029760552,-0.1448721558076329
12836,0.1275744116500969,0.2561689907751313,0.2308591797424127,1.4869936826688357,-0.7142810133351711,-0.5868727518777349,-0.4761553965040928,0.2934519948250609,1.4869936826485683,-1.070920195759952
12936,0.1275744116500969,-1.4802452072001755,-2.7101117701506223,-0.5877135801949025,-1.6010285769203223,-1.9057740835758892,-0.8163707336776064,-1.8634737636510232,-0.5877135799987192,-0.2964935819874197
13394,1.5363245468370912,-0.7436043303089998,-0.1836637862186595,-0.3571905484902798,-0.8919487425995043,-1.0988025465708042,-1.0809826625903391,-0.9157336583075698,-0.3571905531209186,-0.213516115696558
13406,0.1275744116500969,-0.5618273663844894,0.2132450295710193,0.1038555074263435,-0.706494863773449,-0.8300895028306743,-0.8163707336776064,-0.5889267245515192,0.1038555075503756,0.1311607892697562
13563,1.5363245468370912,0.2909427666416998,1.3158975222947902,0.7954245950475897,1.3151990666896225,1.1195020917574132,-0.7029656212864352,-0.697862369790483,0.795424595099472,0.2068808367331427
13569,1.5363245468370912,0.7892586596855279,1.5013159199367467,1.5638346957345834,1.015929558487917,1.0510983333872024,-0.7029656212864352,-0.3710554360344324,1.5638346916078352,-0.4979613313789392
13572,0.7948771152726206,0.5682093884143671,1.5337023946776147,1.3414001901436978,1.1764251605793714,1.1342506527176228,-0.5835918227803727,-0.3825223455435755,1.341400187621098,-0.1222944316725279
13581,0.1275744116500969,0.8177493265605194,1.7297267700146424,1.832778226479458,1.048753173226981,1.1478193155056384,-0.4761553965040928,-0.0987163248978637,1.832778226423115,-0.2932320936656862
13584,2.36500107606444,0.5362136022741173,0.9514525461949828,1.4056326100109833,0.6316236888970064,0.6135990180290779,-0.8363833972080379,-0.704270347192033,1.4056326127115335,-0.9029288873399044
13627,-1.0250393399315358,0.4165065529185864,1.0478335315909697,1.4241237662935058,0.5889322893611424,0.6481692345358568,-0.661727402062747,-0.5889267245515192,1.4241237662273498,-0.7812758302973842
13659,0.7948771152726206,0.5733407702346547,-1.1977838229619588,0.2494489999514801,-1.9821095052782427,-1.4397896083552495,-0.9417132278245892,0.0302864124723109,0.2494490025778458,-0.4199349918023263
13828,0.7948771152726206,0.4378718377949101,0.0527379166660409,-0.4785184626742056,0.323744091007256,0.3736443319760362,-0.9417132278245892,0.5462973580313287,-0.4785184587281177,0.8202239668533841
13829,0.1275744116500969,0.3526906109882449,-0.2297812399118157,-0.9334981240055262,-0.0041198111466146,0.0667279483871983,-1.2926722019101131,0.1954099148943293,-0.9334981237732676,0.6171414958309829
13830,-0.4761756462871875,0.2756218801156127,-0.4853938218245372,-1.3451463890195778,-0.3067634115273541,-0.2165794809133485,-1.6102065108897743,-0.1220596774490701,-1.3451463934647243,0.4693061327555271
13837,0.1275744116500969,0.693928662246725,0.3228105191728181,0.1038555074263435,0.2301793464377507,0.4176372475937145,-0.8163707336776064,0.7836623944787163,0.1038555075503756,0.6394085838220468
13838,-0.4761756462871875,0.6006105068615579,0.0408840470838494,-0.3571905484902798,-0.0814757608076492,0.120833305080689,-1.15658607085112,0.4381807798582045,-0.3571905531209186,0.4306363302084306
13843,1.5363245468370912,-0.0199630047274422,-0.5644453855610018,-0.7413955988337774,-0.2193941517191445,-0.2680342049052893,-1.0809826625903391,0.0646871409997411,-0.7413955979172545,0.2177439321188971
13847,0.1275744116500969,-0.0723945042937498,-0.6663979712997635,-1.2792826678161486,-0.1882332017223064,-0.2384452562523684,-1.2926722019101131,-0.0987163248978637,-1.2792826675478155,0.60777546857095
13852,0.7948771152726206,0.2736670540655161,-0.2476751004164735,-0.1145347276150516,-0.2942266763411321,-0.1954716528198055,-0.9417132278245892,0.3398929809842269,-0.1145347280751359,-0.0913322533040945
13865,-1.0250393399315358,0.439551196990713,-0.1099808889897962,-0.1476241580749743,-0.3235770122159879,-0.1116369039814497,-1.0328714036540263,0.3914940747557917,-0.1476241581344983,0.0887779659613865
13879,0.1275744116500969,0.1128490092465668,-0.399198578443518,0.1038555074263435,-0.5471859807923964,-0.4338872882681244,-0.8163707336776064,0.2934519948250609,0.1038555075503756,-0.3757080630154544
13891,-1.0250393399315358,0.3633266110596267,-0.0045490218533775,0.4810750131709418,-0.277108703238539,-0.0692886707334154,-0.5998700637011863,0.6588815647629341,0.4810750129933795,0.0283281693319837
14150,2.36500107606444,1.774993739830642,1.3792801257312464,0.9988272691995952,2.0660611223521763,2.2472180169658973,-0.8363833972080379,0.6798531342983383,0.998827269942057,0.2165397756351645
14190,0.7948771152726206,1.7258530620334025,1.3486214572875423,1.7053839177102297,1.534156699017114,1.864850040333507,-0.5835918227803727,0.8559039265432439,1.70538391827408,-0.4975340314227462
14573,2.36500107606444,-0.0292665969542227,-0.0858871750650479,-0.2215887682198167,-0.7358822287868528,-0.8302587086534033,-1.3166873981466312,-1.396332088917639,-0.2215887721977581,0.0719760452347737
14742,0.7948771152726206,-2.907800482984166,-1.5027093431675644,-0.4785184626742056,-0.2176311718642763,-1.2339882622842393,1.565136607484927,-0.4857245350475478,-0.4785184587281177,0.1176548236736466
14906,1.5363245468370912,0.6105149120503593,-0.447201477894684,0.7954245950475897,0.16213607884416,0.2356485852942555,-1.15658607085112,-1.7872188123759167,0.795424595099472,0.8429250052377476
14908,0.1275744116500969,-1.04736036503227,-2.040999636487073,-1.9708517554373948,-2.937512999435848,-2.984472282955364,-1.7689736701426195,-1.0791371242051746,-1.9708517550969105,0.3106101560245112
14925,0.7948771152726206,-0.0516636492023287,0.1217228670053976,-0.1145347276150516,-0.8079572110144114,-0.8324494321288233,-0.5835918227803727,-0.4857245350475478,-0.1145347280751359,0.8508465680549678
14937,0.1275744116500969,0.9522946153424332,0.3128283811732273,-1.2792826678161486,-0.4379834569608219,-0.1047824062388724,-1.2926722019101131,-0.000674244967133,-1.2792826675478155,0.7086649162596564
15028,-0.4761756462871875,-1.1701132077367478,-0.4119146266862034,-1.3451463890195778,-1.3117068464851518,-1.554810240087987,-0.7029656212864352,-1.4292874105124316,-1.3451463934647243,0.8015271514025415
15109,1.5363245468370912,0.0753669927113571,0.0079280989733807,-1.5098056995207714,0.3527649156116785,0.2232203112517795,-1.0809826625903391,-0.0442485022783818,-1.5098056944256162,2.404008214175368
15177,-1.5261757514576806,-0.7062070968050372,0.7504601413459308,0.9457656981203122,0.5405621308108618,0.3932972027201303,1.565136607484927,0.775136996394378,0.945765698081584,0.7004308878658654
15185,0.1275744116500969,0.2308198783959299,-0.0633636279766166,-1.2792826678161486,-1.6249846742299228,-1.3883180369056052,-1.7689736701426195,-1.1771792041359053,-1.2792826675478155,-0.1863311306837556
15213,-1.5261757514576806,0.5010549878829988,0.9833039392528556,0.0437190646987298,0.4136998633089614,0.5072575902358302,-0.91991452904858,-1.2709585850244678,0.0437190663575317,0.8628363089675121
15291,0.1275744116500969,1.3959040819784618,2.224548537764953,1.141209138858212,1.1495175671792637,1.417272275745045,-0.4761553965040928,-0.0987163248978637,1.1412091388740202,0.5970067988953655
15494,0.7948771152726206,-0.6489585249126305,-0.2431612405871134,-1.2064859252998914,-0.6691284194456935,-0.8649492483159487,-0.9417132278245892,-0.8985332930634342,-1.2064859200340812,1.3308092963277214
15522,0.7948771152726206,0.898671493001815,1.2825861825254952,1.3414001901436978,0.7503218985662565,0.8975190761118401,-0.5835918227803727,-0.2793201560396041,1.341400187621098,0.3784073360753486
15640,-1.0250393399315358,1.0059177376830517,1.2888135460256978,1.109774176924236,0.7441452418263099,0.985067489466021,-0.661727402062747,-0.3215392345443768,1.1097741772055645,0.4502217775153195
15667,-0.4761756462871875,0.0444156874977195,0.8355617160162163,-0.3571905484902798,-0.7806105234981864,-0.6745029096373695,-0.7029656212864352,-0.5889267245515192,-0.3571905531209186,0.4380856445120122
15803,0.1275744116500969,0.0748253406777665,1.4194173162694528,0.7954245950475897,0.6722846921637747,0.5484637506573224,-0.4761553965040928,-0.981095044274444,0.795424595099472,0.8921443579289281
15951,-0.4761756462871875,-0.4625665600863139,-0.1163818128171722,-0.3571905484902798,-0.9497179183673,-0.9785068125196772,-0.7029656212864352,-0.5889267245515192,-0.3571905531209186,0.5823173778942738
16268,0.1275744116500969,0.568158066211458,-0.009597620102701,1.4869936826688357,0.1640367790927139,0.4832277708098877,1.565136607484927,0.979746554340178,1.4869936826485683,-0.3812059801212601
16329,-1.0250393399315358,0.4519598604907732,-0.3041658811984965,1.109774176924236,0.0939798535708709,0.2274772470033128,-0.661727402062747,-1.4802183611767294,1.1097741772055645,0.4495249586609627
16394,0.1275744116500969,1.5138749511278216,1.5330372653431792,1.4869936826688357,1.2090233092403442,1.7068455721602238,1.565136607484927,2.450377753301144,1.4869936826485683,-0.1207275377060241
16430,-0.4761756462871875,0.5272559279347271,-0.106015056763484,1.2894025115659262,0.1844360834567245,0.5128764600204396,1.565136607484927,0.99842123716548,1.28940251181353,-0.0038374682364718
16615,1.5363245468370912,0.4621034443045321,0.1702629731011836,0.411219544704092,-0.3462559281461285,-0.2812332562313988,-0.7029656212864352,0.1736227862387049,0.4112195433874446,1.0231985388448928
16779,-1.5261757514576806,0.3823634824673326,0.0596075416444238,0.0437190646987298,-0.9960508473932324,-0.7690985372139982,-0.91991452904858,-0.6741807073557433,0.0437190663575317,0.597948191885481
16830,1.5363245468370912,0.0634507454689233,1.1206828554119816,-0.3571905484902798,1.097159075762301,0.8382759871440693,-0.7029656212864352,-1.2425405901027795,-0.3571905531209186,1.6854837876512936
16985,0.1275744116500969,0.3561029915008287,0.177256401613003,0.276747779331654,-0.6098931133871721,-0.5073664014386723,-0.8844137992071026,-0.3438215247246914,0.2767477794376505,2.034759871002407
17108,-1.0250393399315358,-0.6750120306268985,-2.0797215045079795,-0.9334981240055262,-1.7515485771493151,-1.7416336352511137,-1.0328714036540263,-1.7030412688624008,-0.9334981237732676,1.3352838708632817
17151,-0.4761756462871875,0.4302236011044433,0.5674522184419072,1.1247432085573548,-0.8968731165032063,-0.6662359111137481,-0.3789510212588251,0.1113738461021539,1.1247432108526385,1.0358789955049112
17159,-0.4761756462871875,-0.6468815356401794,-1.912201315369082,-0.5218498589914747,-1.516113761797692,-1.5278785784724724,-0.7029656212864352,-1.4759741136540037,-0.5218498540818103,1.4288255752421868
17198,-0.4761756462871875,1.6001826339906668,0.1954455664000796,1.1247432085573548,-0.502289195141944,0.2256622508629089,-0.3789510212588251,0.1113738461021539,1.1247432108526385,1.3436136445579197
17501,1.5363245468370912,1.398612322647103,1.6271756643154536,0.9875271202193384,0.8301251671023496,1.069114543305366,-1.15658607085112,-0.7523301904491241,0.9875271209554848,1.865448252128328
17564,-1.5261757514576806,1.7723256872547806,0.0428935088714575,0.494742381409521,-0.4615852071471885,0.3212014512975066,-0.91991452904858,-0.3757917685213802,0.4947423822195579,1.7279790010974625
17626,-0.4761756462871875,0.6345021726159638,0.190157452283919,-0.1925312454817083,-0.6234665495203404,-0.3047039607648448,-0.7029656212864352,0.2981206645509652,-0.1925312452443354,1.283847118485409
17736,-1.0250393399315358,0.5445816172609316,0.3363122638033622,0.3239002184863076,-0.7220945586083122,-0.5042608674360713,-1.0328714036540263,-0.5443621422300481,0.3239002184824868,1.9520518036469203
17767,-0.4761756462871875,0.7830684064425278,0.4619597081698882,-0.5218498589914747,-0.0530320014746903,0.2206338508999682,-0.7029656212864352,0.4848674849606182,-0.5218498540818103,2.203364541664147
17804,-1.0250393399315358,-0.7694064703250505,-0.0412186346287233,-1.0906729186901605,-0.4634501634107027,-0.6827635928572355,-0.1668687332743753,-1.3910891965337882,-1.09067291828416,-0.6783434163146411
17816,1.5363245468370912,0.7665094497685226,0.9099997592231158,0.411219544704092,0.1627220983965877,0.3016437532889598,-0.5517588047648736,1.3719148740631026,0.4112195433874446,-0.8002654524227756
17897,0.1275744116500969,1.2847579738542698,0.7999202087125488,1.4869936826688357,0.5899679977098484,0.946350046221371,-0.3400692654450993,0.979746554340178,1.4869936826485683,-0.1617943317323886
17925,-0.4761756462871875,1.8002827748135044,2.267107269187401,1.9480397385854575,1.7028501804201948,2.054373081603016,0.0098665083003373,2.0255287396143618,1.9480397433198624,-1.3271228044923726
17987,0.7948771152726206,-0.2322889054548685,-0.4104514925323441,-1.5704696528664233,-0.9731377514172982,-0.9913476443054964,-0.4403432607626867,0.0302864124723109,-1.570469650687063,-0.6131436855632322
18100,1.5363245468370912,1.2474926142326312,0.4939682666587056,-0.3571905484902798,0.8623244166517205,1.1399268698921246,-0.5517588047648736,1.2629792288241388,-0.3571905531209186,-0.8796112927045956
18176,2.36500107606444,-1.561683540067463,-0.5720197622351945,-0.628394116523828,0.2030777053059475,-0.4976728533530201,-0.3560793962694445,-1.0503012190352568,-0.6283941149672365,-1.8507984434948184
18213,-0.4761756462871875,-0.1347923193810151,-0.7415271664480737,-1.3451463890195778,-0.2745059852727235,-0.2904710831344611,-0.2493451717217515,-0.5889267245515192,-1.3451463934647243,-0.4542539614305566
18219,0.1275744116500969,-0.3522097063257076,-0.8485945511637026,-1.6250672116267724,-0.1380056411035371,-0.27886320028828,-0.3400692654450993,-0.7850108844129815,-1.625067211322364,-0.7993723294598217
18286,-1.0250393399315358,1.6733261913066004,1.2230356368081363,2.3671725194160698,0.3969796608904962,0.9853957744665094,-0.1668687332743753,1.3719148740631026,2.367172519461319,0.6633513795267716
18377,-1.985550791130396,0.0423264721533746,-0.100033420556407,-0.9334981240055262,-1.045507044247182,-0.8464229391260158,-0.0225349564654383,0.4731958086850145,-0.9334981237732676,0.2050019570412236
18627,-1.5261757514576806,-0.709598281559811,0.1077674103762319,-0.8583275687228525,-0.6309202204653104,-0.7841349873896194,-0.0915641470287342,-1.3562125678286912,-0.8583275722822121,-0.3678983729965068
18645,0.1275744116500969,0.8752723123440896,1.8045427131277323,0.7954245950475897,1.1660427606129988,1.2751890207240684,-0.3400692654450993,1.0777886342709095,0.795424595099472,-0.7544922707667553
19165,-1.5261757514576806,0.9554738425190822,1.6685696388878886,0.6450834919748657,0.9812832094799426,1.1984588778159715,-0.5057393380386566,1.0308989448070487,0.6450834921173599,-0.7632530407710177
19605,-1.5261757514576806,0.7782844049584213,-0.3836691790846864,0.0437190646987298,-0.0330738286652903,0.2601060283408147,0.1451073852477765,0.2636131015298768,0.0437190663575317,-0.7839492685258717
19632,-1.0250393399315358,1.7087794988787837,2.2880347739452684,2.3671725194160698,0.6754489281780929,1.2316064447377804,-0.1668687332743753,1.7284315287131864,2.367172519461319,0.5908409064882455
19953,-0.4761756462871875,-1.9918701447164548,-1.076465906176766,-1.6744650025293428,0.1978582580665337,-0.5393332503067455,-0.2493451717217515,-0.7756735430003304,-1.6744650023021994,-0.9954331760138974
20110,-1.0250393399315358,2.641201378831092,2.8391119584588638,3.624570861907904,1.1402248311122378,1.940364897209416,0.0805606011198105,2.4414648360525137,3.624570861717073,0.2669426062243505
20647,-1.0250393399315358,-1.010488930617007,-0.3188647311333274,0.166725423801672,0.8201863958587914,0.3769271376630048,0.0805606011198105,-0.4106683972264773,0.1667254239715941,-1.5842126655087676
21430,1.5363245468370912,-1.4910781698747435,-1.9166203365265395,-0.7413955988337774,-1.3463315986451032,-1.757501735590884,-0.5517588047648736,-0.9157336583075698,-0.7413955979172545,-0.7834948719747484
21859,1.5363245468370912,-0.1781241310806561,0.1058084246001438,0.7954245950475897,1.160667193343055,0.8503188947036909,-0.2493451717217515,-0.9157336583075698,0.795424595099472,-1.0119839321490396
22906,-0.4761756462871875,-0.8144828079386285,-0.7013771934484013,0.6307652920390181,-0.7330220726312259,-0.8926834476532506,-0.2493451717217515,-0.6823001347563457,0.6307652872228888,-1.0646996153164672
22973,0.1275744116500969,-0.5423280491697159,-1.862494621687113,-0.2419290363842801,-0.9652182071005402,-0.9725273012203894,-0.3400692654450993,-0.68696880448225,-0.241929036224171,-0.6990395465997294
23606,0.1275744116500969,0.4716364459983443,0.2085885194331976,-0.5877135801949025,1.2158899993798546,1.2252870415744672,-0.067896993801083,0.0973678349635985,-0.5877135799987192,-0.2168557522775498
24147,0.1275744116500969,0.3799896550889222,0.6799129192199863,0.7954245950475897,1.0653577745199057,0.998202013899019,-0.067896993801083,0.8817044744094471,0.795424595099472,-0.6848656656837004
24300,0.1275744116500969,-0.8474923635808751,-0.5344274093930472,-1.6250672116267724,0.3628030093696386,-0.0137533963158893,-0.3400692654450993,-0.1967584048285945,-1.625067211322364,-0.2993202576833085
25379,0.1275744116500969,-0.3629343307938306,0.3696034654747968,-0.2419290363842801,0.6888892934567022,0.3988464490507029,-0.067896993801083,-0.000674244967133,-0.241929036224171,-0.424315837911427
29800,0.7948771152726206,-0.7628755835096263,0.1915648634056311,-0.8425021902407374,0.175011081062131,-0.1685115767691824,-0.4403432607626867,-0.3825223455435755,-0.8425021893810994,0.2973769633172132
29823,-0.4761756462871875,0.1771967560553116,-0.2419268667250982,-0.3571905484902798,-0.2421400419094684,-0.0860972837787068,-0.2493451717217515,0.4381807798582045,-0.3571905531209186,0.4156665636674813
29853,-0.4761756462871875,-0.4913512571655857,-0.0293516393220338,-0.3571905484902798,-0.4676165684016199,-0.5957533763367969,-0.2493451717217515,0.4381807798582045,-0.3571905531209186,0.4623958112622274
29910,0.7948771152726206,-0.4549916408285725,-1.521799001307818,-0.4785184626742056,-1.1995938156461776,-1.1690809751621662,-0.4403432607626867,-0.8985332930634342,-0.4785184587281177,0.0906842121645107
29969,-0.4761756462871875,-1.3456070626696812,-0.1038859759822559,-0.3571905484902798,-1.1109367693299457,-1.4527085682041616,-0.2493451717217515,-0.4955533143466927,-0.3571905531209186,0.0812490938357771
30260,0.7948771152726206,-0.0998987982074328,-0.6784214455113349,0.613432727518012,-0.0508050185120848,-0.1457986422095269,-0.1538461367273125,-0.3825223455435755,0.613432733230826,-0.2090634718583333
30517,0.1275744116500969,-0.3687841259582619,0.1330880117597328,-0.5877135801949025,-0.2215928613045207,-0.373349008056441,-0.3400692654450993,0.4895361546865224,-0.5877135799987192,0.7938549687303074
30561,0.7948771152726206,0.7211250814409028,0.482607192023176,0.977416462577166,0.2631128888197795,0.3916484874196638,-0.1538461367273125,-0.0729157770316604,0.977416456968118,-0.2909342139430278
30742,1.5363245468370912,0.2443610622398236,-0.3846350395266144,-0.3571905484902798,-0.4369798670014808,-0.3415441633489187,-0.2493451717217515,-0.1531841475173456,-0.3571905531209186,0.356264372082368
31610,0.1275744116500969,-0.5247786636764253,-0.1523043708145147,-0.2419290363842801,-0.8148447979589729,-0.9197003392787132,-0.3400692654450993,0.2934519948250609,-0.241929036224171,-0.0436743062818277
32340,0.1275744116500969,0.1986460049915575,1.0694483470134644,0.7954245950475897,0.6308003547780268,0.5529841786087062,-0.067896993801083,0.2934519948250609,0.795424595099472,0.1157406224380872
32495,0.1275744116500969,-1.517293909908236,-0.1641314495343745,-0.5877135801949025,0.2292180934054371,-0.2733677780728712,1.565136607484927,0.7836623944787163,-0.5877135799987192,0.5256140416535345
33230,0.7948771152726206,-1.2965411062560082,-1.979810908815544,-1.2064859252998914,-1.113246472295343,-1.4798603968198722,-0.4403432607626867,-0.8985332930634342,-1.2064859200340812,0.4933514141702972
33306,-0.4761756462871875,0.1781252940417593,0.3874365847687014,-0.0278719349805147,0.3441439282397964,0.3209457812107273,0.0098665083003373,0.4381807798582045,-0.0278719373677522,-0.1728610939429053
33658,0.1275744116500969,-0.2459384275052072,0.4810815022682527,0.4496400512369659,0.2211268504899825,0.0435939935771674,-0.067896993801083,0.0973678349635985,0.4496400513249238,-0.1462073791358532
33823,0.1275744116500969,0.1498977119546308,-0.0883699475358024,0.1038555074263435,-0.2713606922121842,-0.1820728606233367,-0.067896993801083,0.1954099148943293,0.1038555075503756,0.447076428168537
34438,-0.4761756462871875,1.7933187301654714,1.103818408047693,0.7954245950475897,1.2731957884956582,1.774062230696066,0.0098665083003373,1.1384813505118785,0.795424595099472,1.0264928669800724
35493,-1.0250393399315358,1.91174964670588,1.7816260154469878,2.524347314100704,0.1845423541588059,0.9432527110341702,0.0496319367020447,1.906689856038229,2.5243473139722115,1.6023027295124126
35503,1.5363245468370912,-2.313299369997881,-1.113698519361686,-1.317703174349024,0.0879342511437969,-0.7777866446238352,0.2420769724472944,-0.3710554360344324,-1.3177031754852948,-0.3065221637302455
35520,-1.0250393399315358,-1.0893725214407668,0.6158572260159296,-0.6191485421288785,-1.1751218180134964,-1.3545904569756102,0.4826332671288557,-0.6334913068729903,-0.6191485416671749,0.3673749806922076
35544,1.5363245468370912,2.5176564738613494,2.4164840455975907,3.484859932466825,1.0449965650314998,1.7620156004310732,0.4310854930992453,2.570206961887499,3.4848599363365875,1.072587878807867
35562,1.5363245468370912,0.890005138461613,0.0571556465006648,0.6033220698758408,0.4625526335718766,0.6760820129361965,-0.2871468758521419,0.6638331858923604,0.6033220692434591,-0.1835767175727972
35662,2.36500107606444,-0.3641960536135302,-1.0323023546976573,-1.6454074797912344,-0.6548382437961097,-0.7991858187306377,-0.3961047328563377,-0.4159112896103281,-1.6454074753487766,0.1553485864776746
35948,3.297262190463335,-1.6862067452811875,-1.6337002650735084,-1.5818441436504442,-0.0038954212539849,-0.6069951931547597,0.0766945192583436,-0.4663741246381053,-1.5818441433505448,-0.5630958098708906
37159,0.1275744116500969,1.717642816022172,1.7487046551734282,3.3888086736272607,0.15191663216357,0.7630511245848253,0.3743829369036602,2.1072304735435856,3.388808673408581,2.407609467105808
37686,0.1275744116500969,-2.291904286264993,-1.898352237588028,0.7954245950475897,-1.1461197587400114,-1.7453432092228232,0.5444906054904165,-1.0791371242051746,0.795424595099472,0.6739698482930473
37751,0.1275744116500969,1.2594088614750685,1.2889533358088954,2.697239586006016,0.3520578722128008,0.7595056908974634,0.3743829369036602,1.715062153820661,2.6972395858594846,1.6517183563214928
59194,-0.4761756462871875,1.941420685249147,0.3204337659412854,-0.0278719349805147,-0.1925141525501096,0.582847632464873,-0.1197393317107071,0.99842123716548,-0.0278719373677522,2.3656503448699664
